Approach,Dice mean,Dice std,IoU mean,IoU std,HD95 mean,HD95 std
UNet ResNet34,0.8924314300601299,0.11525790474439997,0.8213586897804187,0.15186894276664714,65.91957257761662,185.25780256374176
SAM ViT-H zero-shot + GT centroid [UNREALISTIC],0.6450228397942668,0.29407929332795374,0.5383448980954619,0.29078682479557366,137.82735332188318,165.2788491201633
MedSAM ViT-B zero-shot + GT bbox [UNREALISTIC],0.8828273197206167,0.1123749664889174,0.8044850584406119,0.14354100098593023,14.389652980738,22.218842312775596
MedSAM ViT-B zero-shot + Auto bbox [REALISTIC],0.8109175396082339,0.15657088415303055,0.7064141094686739,0.1881702473524355,34.97474984227713,38.68301058451302
MedSAM ViT-B zero-shot + GradCAM bbox [REALISTIC],0.4291117589245695,0.21281523811815295,0.2972508173780476,0.17997670861753953,254.7400978418241,148.77685485291173
MedSAM ViT-B fine-tuned + GT bbox [UNREALISTIC],0.9643674327776982,0.023137006440586652,0.9320960634029829,0.040749598032047384,0.8370724634989486,3.0727214945646297
MedSAM ViT-B fine-tuned + Auto bbox [REALISTIC],0.8149977376256804,0.1711421030634214,0.7172094984985121,0.20691286376757884,34.77385861895635,42.02187723753727
