offset,dice_mean,dice_std
0,0.8828273197206167,0.1123749664889174
10,0.8985394619978391,0.09329381162323976
25,0.8871300729421469,0.07447028515665437
50,0.802020419962131,0.11321071598813234
100,0.6483835515781091,0.17513070089592245
200,0.48209198333609565,0.21128673098950237
